row_type,metric,risk,benefit,raw_count,raw_rate,source_macro_rate,source_macro_denominator_sources,independent_sources_with_event,raw_denominator
cell,R0_B0,0,0,172,0.63003663003663,0.5830555555555554,20,19,
cell,R0_B1,0,1,9,0.03296703296703297,0.02777777777777778,20,6,
cell,R1_B0,1,0,10,0.03663003663003663,0.07416666666666666,20,6,
cell,R1_B1,1,1,82,0.30036630036630035,0.31499999999999995,20,19,
summary,P(B=1|R=1),,,82,0.8913043478260869,0.8699999999999999,20,19,92
summary,P(B=1|R=0),,,9,0.049723756906077346,0.04154135338345864,19,6,181
summary,P(R=1|B=1),,,82,0.9010989010989011,0.9328320802005013,19,19,91
summary,risk_positive_no_benefit,,,10,0.03663003663003663,0.07416666666666666,20,6,273
summary,risk_negative_positive_benefit,,,9,0.03296703296703297,0.02777777777777778,20,6,273
